id,meeting_id,participant_name,participant_email,role,attendance_status
1,1,James Wilson,james.wilson@hotmail.com,organizer,attended
2,1,Sarah Johnson,sarah.johnson@gmail.com,optional,attended
3,1,Michelle Thompson,michelle.thompson@outlook.com,optional,attended
4,2,James Wilson,james.wilson@hotmail.com,organizer,attended
5,2,Michelle Thompson,michelle.thompson@outlook.com,required,absent
6,2,Emily Rodriguez,emily.rodriguez@gmail.com,required,tentative
7,2,Sarah Johnson,sarah.johnson@gmail.com,optional,attended
8,2,Jennifer Davis,jennifer.davis@hotmail.com,required,absent
9,2,Michael Chen,michael.chen@outlook.com,required,attended
10,2,David Kim,david.kim@yahoo.com,required,tentative
11,2,Christopher Lee,christopher.lee@outlook.com,required,attended
12,3,Amanda White,amanda.white@gmail.com,organizer,attended
13,3,Michael Chen,michael.chen@outlook.com,required,tentative
14,3,Emily Rodriguez,emily.rodriguez@gmail.com,required,attended
15,3,James Wilson,james.wilson@hotmail.com,required,absent
16,3,David Kim,david.kim@yahoo.com,optional,absent
17,4,James Wilson,james.wilson@hotmail.com,organizer,attended
18,4,Christopher Lee,christopher.lee@outlook.com,required,attended
19,4,David Kim,david.kim@yahoo.com,required,attended
20,4,Jessica Martinez,jessica.martinez@gmail.com,optional,attended
21,4,Maria Garcia,maria.garcia@yahoo.com,required,tentative
22,4,Michelle Thompson,michelle.thompson@outlook.com,required,tentative
23,5,James Wilson,james.wilson@hotmail.com,organizer,attended
24,5,David Kim,david.kim@yahoo.com,required,attended
25,5,Daniel Brown,daniel.brown@gmail.com,required,tentative
26,5,Christopher Lee,christopher.lee@outlook.com,required,attended
27,5,Jennifer Davis,jennifer.davis@hotmail.com,required,absent
28,6,Emily Rodriguez,emily.rodriguez@gmail.com,organizer,attended
29,6,Jennifer Davis,jennifer.davis@hotmail.com,required,attended
30,6,James Wilson,james.wilson@hotmail.com,required,tentative
31,6,Jessica Martinez,jessica.martinez@gmail.com,required,attended
32,6,Michael Chen,michael.chen@outlook.com,optional,attended
33,6,Amanda White,amanda.white@gmail.com,required,absent
34,7,Jessica Martinez,jessica.martinez@gmail.com,organizer,attended
35,7,Jennifer Davis,jennifer.davis@hotmail.com,optional,tentative
36,7,Maria Garcia,maria.garcia@yahoo.com,optional,absent
37,7,Robert Taylor,robert.taylor@outlook.com,required,absent
38,8,Emily Rodriguez,emily.rodriguez@gmail.com,organizer,attended
39,8,Lisa Anderson,lisa.anderson@gmail.com,required,attended
40,8,Jessica Martinez,jessica.martinez@gmail.com,optional,attended
41,8,Kevin Moore,kevin.moore@gmail.com,required,attended
42,8,Sarah Johnson,sarah.johnson@gmail.com,required,attended
43,8,James Wilson,james.wilson@hotmail.com,required,attended
44,8,Amanda White,amanda.white@gmail.com,optional,absent
45,8,Christopher Lee,christopher.lee@outlook.com,optional,tentative
46,9,Robert Taylor,robert.taylor@outlook.com,organizer,attended
47,9,Sarah Johnson,sarah.johnson@gmail.com,optional,absent
48,9,David Kim,david.kim@yahoo.com,required,attended
49,9,Jennifer Davis,jennifer.davis@hotmail.com,required,absent
50,10,Jessica Martinez,jessica.martinez@gmail.com,organizer,attended
51,10,Emily Rodriguez,emily.rodriguez@gmail.com,required,attended
52,10,Michael Chen,michael.chen@outlook.com,optional,absent
53,10,Lisa Anderson,lisa.anderson@gmail.com,required,attended
54,10,Jennifer Davis,jennifer.davis@hotmail.com,required,attended
55,10,James Wilson,james.wilson@hotmail.com,optional,attended
56,10,Amanda White,amanda.white@gmail.com,required,attended
57,11,Sarah Johnson,sarah.johnson@gmail.com,organizer,attended
58,11,Robert Taylor,robert.taylor@outlook.com,optional,attended
59,11,Lisa Anderson,lisa.anderson@gmail.com,required,tentative
60,11,David Kim,david.kim@yahoo.com,required,attended
61,11,Michelle Thompson,michelle.thompson@outlook.com,required,attended
62,11,Michael Chen,michael.chen@outlook.com,required,absent
63,11,Maria Garcia,maria.garcia@yahoo.com,required,attended
64,11,Jennifer Davis,jennifer.davis@hotmail.com,required,absent
65,12,Robert Taylor,robert.taylor@outlook.com,organizer,attended
66,12,Michael Chen,michael.chen@outlook.com,required,tentative
67,12,Maria Garcia,maria.garcia@yahoo.com,optional,attended
68,12,Kevin Moore,kevin.moore@gmail.com,required,attended
69,12,Lisa Anderson,lisa.anderson@gmail.com,optional,attended
70,12,Emily Rodriguez,emily.rodriguez@gmail.com,required,tentative
71,13,Robert Taylor,robert.taylor@outlook.com,organizer,attended
72,13,Maria Garcia,maria.garcia@yahoo.com,required,tentative
73,13,Kevin Moore,kevin.moore@gmail.com,optional,absent
74,13,Jessica Martinez,jessica.martinez@gmail.com,required,attended
75,13,Sarah Johnson,sarah.johnson@gmail.com,required,absent
76,13,Lisa Anderson,lisa.anderson@gmail.com,required,absent
77,13,Michelle Thompson,michelle.thompson@outlook.com,optional,attended
78,14,James Wilson,james.wilson@hotmail.com,organizer,attended
79,14,Michael Chen,michael.chen@outlook.com,optional,attended
80,14,Jennifer Davis,jennifer.davis@hotmail.com,required,attended
81,14,Michelle Thompson,michelle.thompson@outlook.com,required,attended
82,14,Emily Rodriguez,emily.rodriguez@gmail.com,optional,attended
83,14,Christopher Lee,christopher.lee@outlook.com,required,attended
84,14,Robert Taylor,robert.taylor@outlook.com,required,attended
85,14,Jessica Martinez,jessica.martinez@gmail.com,required,absent
86,15,Emily Rodriguez,emily.rodriguez@gmail.com,organizer,attended
87,15,Michelle Thompson,michelle.thompson@outlook.com,required,tentative
88,15,David Kim,david.kim@yahoo.com,required,attended
89,16,Emily Rodriguez,emily.rodriguez@gmail.com,organizer,attended
90,16,Lisa Anderson,lisa.anderson@gmail.com,required,attended
91,16,Jennifer Davis,jennifer.davis@hotmail.com,optional,attended
92,17,Amanda White,amanda.white@gmail.com,organizer,attended
93,17,Michelle Thompson,michelle.thompson@outlook.com,required,absent
94,17,Michael Chen,michael.chen@outlook.com,required,tentative
95,17,Emily Rodriguez,emily.rodriguez@gmail.com,required,attended
96,17,Kevin Moore,kevin.moore@gmail.com,optional,attended
97,18,Michael Chen,michael.chen@outlook.com,organizer,attended
98,18,Amanda White,amanda.white@gmail.com,required,attended
99,18,Robert Taylor,robert.taylor@outlook.com,required,tentative
100,18,David Kim,david.kim@yahoo.com,required,attended
101,18,Michelle Thompson,michelle.thompson@outlook.com,required,attended
102,18,Sarah Johnson,sarah.johnson@gmail.com,optional,attended
103,18,James Wilson,james.wilson@hotmail.com,required,attended
104,18,Jennifer Davis,jennifer.davis@hotmail.com,required,attended
105,19,Robert Taylor,robert.taylor@outlook.com,organizer,attended
106,19,Maria Garcia,maria.garcia@yahoo.com,required,tentative
107,19,Christopher Lee,christopher.lee@outlook.com,optional,attended
108,19,Sarah Johnson,sarah.johnson@gmail.com,required,absent
109,20,James Wilson,james.wilson@hotmail.com,organizer,attended
110,20,Jennifer Davis,jennifer.davis@hotmail.com,required,absent
111,20,Kevin Moore,kevin.moore@gmail.com,optional,tentative
112,21,James Wilson,james.wilson@hotmail.com,organizer,attended
113,21,Emily Rodriguez,emily.rodriguez@gmail.com,required,attended
114,21,Jessica Martinez,jessica.martinez@gmail.com,required,absent
115,21,David Kim,david.kim@yahoo.com,required,attended
116,21,Jennifer Davis,jennifer.davis@hotmail.com,required,attended
117,21,Robert Taylor,robert.taylor@outlook.com,required,attended
118,21,Daniel Brown,daniel.brown@gmail.com,required,tentative
119,22,Jessica Martinez,jessica.martinez@gmail.com,organizer,attended
120,22,David Kim,david.kim@yahoo.com,required,absent
121,22,Christopher Lee,christopher.lee@outlook.com,required,attended
122,22,James Wilson,james.wilson@hotmail.com,required,tentative
123,22,Lisa Anderson,lisa.anderson@gmail.com,optional,attended
124,22,Michelle Thompson,michelle.thompson@outlook.com,optional,attended
125,23,Sarah Johnson,sarah.johnson@gmail.com,organizer,attended
126,23,James Wilson,james.wilson@hotmail.com,optional,tentative
127,23,Lisa Anderson,lisa.anderson@gmail.com,required,attended
128,23,Jennifer Davis,jennifer.davis@hotmail.com,required,attended
129,23,Christopher Lee,christopher.lee@outlook.com,required,tentative
130,24,Michael Chen,michael.chen@outlook.com,organizer,attended
131,24,Jennifer Davis,jennifer.davis@hotmail.com,optional,attended
132,24,Michelle Thompson,michelle.thompson@outlook.com,optional,attended
133,25,Robert Taylor,robert.taylor@outlook.com,organizer,attended
134,25,Kevin Moore,kevin.moore@gmail.com,required,attended
135,25,Christopher Lee,christopher.lee@outlook.com,optional,attended
136,25,Daniel Brown,daniel.brown@gmail.com,required,absent
137,25,Michael Chen,michael.chen@outlook.com,optional,tentative
138,25,James Wilson,james.wilson@hotmail.com,required,tentative
139,25,Amanda White,amanda.white@gmail.com,optional,attended
140,25,Emily Rodriguez,emily.rodriguez@gmail.com,optional,attended
141,26,Jessica Martinez,jessica.martinez@gmail.com,organizer,attended
142,26,Christopher Lee,christopher.lee@outlook.com,required,tentative
143,26,Jennifer Davis,jennifer.davis@hotmail.com,required,attended
144,26,Robert Taylor,robert.taylor@outlook.com,required,tentative
145,26,James Wilson,james.wilson@hotmail.com,optional,tentative
146,26,Michael Chen,michael.chen@outlook.com,optional,absent
147,26,Amanda White,amanda.white@gmail.com,required,attended
148,27,James Wilson,james.wilson@hotmail.com,organizer,attended
149,27,Daniel Brown,daniel.brown@gmail.com,required,attended
150,27,Maria Garcia,maria.garcia@yahoo.com,optional,attended
151,27,Michael Chen,michael.chen@outlook.com,optional,attended
152,27,Jessica Martinez,jessica.martinez@gmail.com,required,attended
153,27,Emily Rodriguez,emily.rodriguez@gmail.com,required,attended
154,27,Sarah Johnson,sarah.johnson@gmail.com,required,tentative
155,27,Robert Taylor,robert.taylor@outlook.com,required,attended
156,28,Emily Rodriguez,emily.rodriguez@gmail.com,organizer,attended
157,28,Christopher Lee,christopher.lee@outlook.com,required,attended
158,28,Daniel Brown,daniel.brown@gmail.com,required,attended
159,28,Sarah Johnson,sarah.johnson@gmail.com,required,attended
160,28,James Wilson,james.wilson@hotmail.com,required,attended
161,28,Michael Chen,michael.chen@outlook.com,required,attended
162,28,Michelle Thompson,michelle.thompson@outlook.com,required,tentative
163,29,Emily Rodriguez,emily.rodriguez@gmail.com,organizer,attended
164,29,Daniel Brown,daniel.brown@gmail.com,required,attended
165,29,Jennifer Davis,jennifer.davis@hotmail.com,required,tentative
166,29,Lisa Anderson,lisa.anderson@gmail.com,required,attended
167,29,Robert Taylor,robert.taylor@outlook.com,required,attended
168,29,Kevin Moore,kevin.moore@gmail.com,required,absent
169,30,James Wilson,james.wilson@hotmail.com,organizer,attended
170,30,David Kim,david.kim@yahoo.com,required,absent
171,30,Kevin Moore,kevin.moore@gmail.com,required,attended
172,30,Emily Rodriguez,emily.rodriguez@gmail.com,required,attended
173,30,Michael Chen,michael.chen@outlook.com,required,tentative
174,30,Daniel Brown,daniel.brown@gmail.com,required,tentative
175,30,Michelle Thompson,michelle.thompson@outlook.com,optional,attended
176,30,Jennifer Davis,jennifer.davis@hotmail.com,required,attended
177,31,Jessica Martinez,jessica.martinez@gmail.com,organizer,attended
178,31,David Kim,david.kim@yahoo.com,required,attended
179,31,Sarah Johnson,sarah.johnson@gmail.com,required,attended
180,32,Sarah Johnson,sarah.johnson@gmail.com,organizer,attended
181,32,Maria Garcia,maria.garcia@yahoo.com,optional,absent
182,32,Lisa Anderson,lisa.anderson@gmail.com,required,attended
183,32,Christopher Lee,christopher.lee@outlook.com,required,absent
184,32,Daniel Brown,daniel.brown@gmail.com,required,tentative
185,32,Amanda White,amanda.white@gmail.com,optional,tentative
186,32,David Kim,david.kim@yahoo.com,optional,attended
187,33,Jessica Martinez,jessica.martinez@gmail.com,organizer,attended
188,33,Amanda White,amanda.white@gmail.com,optional,tentative
189,33,Daniel Brown,daniel.brown@gmail.com,required,tentative
190,33,Lisa Anderson,lisa.anderson@gmail.com,optional,absent
191,33,Sarah Johnson,sarah.johnson@gmail.com,required,attended
192,33,James Wilson,james.wilson@hotmail.com,required,absent
193,34,David Kim,david.kim@yahoo.com,organizer,attended
194,34,Michelle Thompson,michelle.thompson@outlook.com,required,attended
195,34,Maria Garcia,maria.garcia@yahoo.com,required,attended
196,34,Kevin Moore,kevin.moore@gmail.com,required,attended
197,34,Lisa Anderson,lisa.anderson@gmail.com,optional,attended
198,35,James Wilson,james.wilson@hotmail.com,organizer,attended
199,35,Robert Taylor,robert.taylor@outlook.com,required,tentative
200,35,Amanda White,amanda.white@gmail.com,required,tentative
201,35,Emily Rodriguez,emily.rodriguez@gmail.com,required,attended
202,35,Christopher Lee,christopher.lee@outlook.com,optional,attended
203,36,Sarah Johnson,sarah.johnson@gmail.com,organizer,attended
204,36,Daniel Brown,daniel.brown@gmail.com,optional,attended
205,36,Jennifer Davis,jennifer.davis@hotmail.com,required,attended
206,36,Christopher Lee,christopher.lee@outlook.com,required,attended
207,36,Lisa Anderson,lisa.anderson@gmail.com,required,attended
208,36,Jessica Martinez,jessica.martinez@gmail.com,required,absent
209,37,David Kim,david.kim@yahoo.com,organizer,attended
210,37,Jennifer Davis,jennifer.davis@hotmail.com,required,absent
211,37,Kevin Moore,kevin.moore@gmail.com,required,absent
212,37,James Wilson,james.wilson@hotmail.com,optional,attended
213,37,Michelle Thompson,michelle.thompson@outlook.com,required,absent
214,37,Christopher Lee,christopher.lee@outlook.com,required,attended
215,37,Lisa Anderson,lisa.anderson@gmail.com,required,attended
216,38,Jessica Martinez,jessica.martinez@gmail.com,organizer,attended
217,38,Jennifer Davis,jennifer.davis@hotmail.com,required,attended
218,38,Emily Rodriguez,emily.rodriguez@gmail.com,required,attended
219,39,Emily Rodriguez,emily.rodriguez@gmail.com,organizer,attended
220,39,Kevin Moore,kevin.moore@gmail.com,optional,tentative
221,39,Michael Chen,michael.chen@outlook.com,required,attended
222,39,Michelle Thompson,michelle.thompson@outlook.com,required,attended
223,39,Christopher Lee,christopher.lee@outlook.com,required,attended
224,39,Daniel Brown,daniel.brown@gmail.com,optional,absent
225,39,Lisa Anderson,lisa.anderson@gmail.com,required,attended
226,39,James Wilson,james.wilson@hotmail.com,required,attended
227,40,Michael Chen,michael.chen@outlook.com,organizer,attended
228,40,Maria Garcia,maria.garcia@yahoo.com,optional,attended
229,40,Kevin Moore,kevin.moore@gmail.com,required,attended
230,40,Sarah Johnson,sarah.johnson@gmail.com,optional,attended
231,40,Michelle Thompson,michelle.thompson@outlook.com,required,attended
232,41,Amanda White,amanda.white@gmail.com,organizer,attended
233,41,Emily Rodriguez,emily.rodriguez@gmail.com,optional,attended
234,41,Robert Taylor,robert.taylor@outlook.com,required,attended
235,41,Maria Garcia,maria.garcia@yahoo.com,required,attended
236,42,Sarah Johnson,sarah.johnson@gmail.com,organizer,attended
237,42,Christopher Lee,christopher.lee@outlook.com,optional,tentative
238,42,Michelle Thompson,michelle.thompson@outlook.com,required,attended
239,42,Daniel Brown,daniel.brown@gmail.com,required,tentative
240,42,Michael Chen,michael.chen@outlook.com,required,attended
241,42,Jennifer Davis,jennifer.davis@hotmail.com,required,tentative
242,42,Emily Rodriguez,emily.rodriguez@gmail.com,optional,attended
243,43,James Wilson,james.wilson@hotmail.com,organizer,attended
244,43,Jennifer Davis,jennifer.davis@hotmail.com,required,attended
245,43,Emily Rodriguez,emily.rodriguez@gmail.com,optional,attended
246,43,Jessica Martinez,jessica.martinez@gmail.com,optional,attended
247,43,Amanda White,amanda.white@gmail.com,optional,attended
248,43,Daniel Brown,daniel.brown@gmail.com,required,attended
249,43,Maria Garcia,maria.garcia@yahoo.com,required,attended
250,44,Michael Chen,michael.chen@outlook.com,organizer,attended
251,44,Maria Garcia,maria.garcia@yahoo.com,required,attended
252,44,Christopher Lee,christopher.lee@outlook.com,required,attended
253,44,Sarah Johnson,sarah.johnson@gmail.com,required,attended
254,44,Daniel Brown,daniel.brown@gmail.com,required,attended
255,45,David Kim,david.kim@yahoo.com,organizer,attended
256,45,Lisa Anderson,lisa.anderson@gmail.com,required,attended
257,45,Robert Taylor,robert.taylor@outlook.com,required,absent
258,46,Sarah Johnson,sarah.johnson@gmail.com,organizer,attended
259,46,Kevin Moore,kevin.moore@gmail.com,required,attended
260,46,Lisa Anderson,lisa.anderson@gmail.com,required,attended
261,47,David Kim,david.kim@yahoo.com,organizer,attended
262,47,Maria Garcia,maria.garcia@yahoo.com,optional,absent
263,47,Sarah Johnson,sarah.johnson@gmail.com,required,attended
264,47,Daniel Brown,daniel.brown@gmail.com,required,attended
265,48,Emily Rodriguez,emily.rodriguez@gmail.com,organizer,attended
266,48,Jessica Martinez,jessica.martinez@gmail.com,required,attended
267,48,Michael Chen,michael.chen@outlook.com,required,attended
268,48,James Wilson,james.wilson@hotmail.com,required,attended
269,48,Amanda White,amanda.white@gmail.com,optional,tentative
270,48,Michelle Thompson,michelle.thompson@outlook.com,required,attended
271,49,Michael Chen,michael.chen@outlook.com,organizer,attended
272,49,James Wilson,james.wilson@hotmail.com,optional,attended
273,49,Amanda White,amanda.white@gmail.com,required,absent
274,49,Robert Taylor,robert.taylor@outlook.com,required,attended
275,49,Christopher Lee,christopher.lee@outlook.com,required,attended
276,49,Emily Rodriguez,emily.rodriguez@gmail.com,required,tentative
277,50,Amanda White,amanda.white@gmail.com,organizer,attended
278,50,James Wilson,james.wilson@hotmail.com,required,attended
279,50,Michael Chen,michael.chen@outlook.com,required,attended
280,50,Kevin Moore,kevin.moore@gmail.com,required,attended
281,50,Robert Taylor,robert.taylor@outlook.com,optional,tentative
282,50,Lisa Anderson,lisa.anderson@gmail.com,required,attended
283,51,Sarah Johnson,sarah.johnson@gmail.com,organizer,attended
284,51,Maria Garcia,maria.garcia@yahoo.com,optional,attended
285,51,Lisa Anderson,lisa.anderson@gmail.com,required,attended
286,51,Kevin Moore,kevin.moore@gmail.com,required,absent
287,52,James Wilson,james.wilson@hotmail.com,organizer,attended
288,52,Daniel Brown,daniel.brown@gmail.com,optional,absent
289,52,David Kim,david.kim@yahoo.com,required,attended
290,52,Sarah Johnson,sarah.johnson@gmail.com,required,attended
291,52,Kevin Moore,kevin.moore@gmail.com,required,attended
292,53,Sarah Johnson,sarah.johnson@gmail.com,organizer,attended
293,53,Emily Rodriguez,emily.rodriguez@gmail.com,required,attended
294,53,Jessica Martinez,jessica.martinez@gmail.com,optional,attended
295,53,Jennifer Davis,jennifer.davis@hotmail.com,required,attended
296,53,Daniel Brown,daniel.brown@gmail.com,required,attended
297,53,Michael Chen,michael.chen@outlook.com,required,tentative
298,54,James Wilson,james.wilson@hotmail.com,organizer,attended
299,54,Daniel Brown,daniel.brown@gmail.com,required,absent
300,54,Michael Chen,michael.chen@outlook.com,required,attended
301,55,David Kim,david.kim@yahoo.com,organizer,attended
302,55,Jessica Martinez,jessica.martinez@gmail.com,required,attended
303,55,Michael Chen,michael.chen@outlook.com,optional,attended
304,55,Daniel Brown,daniel.brown@gmail.com,required,attended
305,56,Robert Taylor,robert.taylor@outlook.com,organizer,attended
306,56,Kevin Moore,kevin.moore@gmail.com,optional,attended
307,56,Jessica Martinez,jessica.martinez@gmail.com,optional,tentative
308,56,Emily Rodriguez,emily.rodriguez@gmail.com,required,absent
309,56,Lisa Anderson,lisa.anderson@gmail.com,required,attended
310,56,James Wilson,james.wilson@hotmail.com,required,attended
311,56,Amanda White,amanda.white@gmail.com,required,attended
312,56,Michelle Thompson,michelle.thompson@outlook.com,optional,absent
313,57,Robert Taylor,robert.taylor@outlook.com,organizer,attended
314,57,James Wilson,james.wilson@hotmail.com,optional,attended
315,57,Jennifer Davis,jennifer.davis@hotmail.com,required,attended
316,58,Sarah Johnson,sarah.johnson@gmail.com,organizer,attended
317,58,David Kim,david.kim@yahoo.com,required,attended
318,58,Michael Chen,michael.chen@outlook.com,optional,attended
319,58,Christopher Lee,christopher.lee@outlook.com,required,attended
320,59,Sarah Johnson,sarah.johnson@gmail.com,organizer,attended
321,59,Lisa Anderson,lisa.anderson@gmail.com,required,tentative
322,59,David Kim,david.kim@yahoo.com,optional,attended
323,59,Emily Rodriguez,emily.rodriguez@gmail.com,required,absent
324,59,Kevin Moore,kevin.moore@gmail.com,optional,attended
325,59,Michelle Thompson,michelle.thompson@outlook.com,optional,attended
326,59,Christopher Lee,christopher.lee@outlook.com,optional,attended
327,60,Amanda White,amanda.white@gmail.com,organizer,attended
328,60,Maria Garcia,maria.garcia@yahoo.com,required,attended
329,60,Kevin Moore,kevin.moore@gmail.com,optional,tentative
330,60,Sarah Johnson,sarah.johnson@gmail.com,required,tentative
331,60,Emily Rodriguez,emily.rodriguez@gmail.com,required,attended
332,60,Michael Chen,michael.chen@outlook.com,required,attended
333,61,Jessica Martinez,jessica.martinez@gmail.com,organizer,attended
334,61,Michael Chen,michael.chen@outlook.com,required,attended
335,61,Amanda White,amanda.white@gmail.com,required,attended
336,61,Daniel Brown,daniel.brown@gmail.com,required,attended
337,61,Christopher Lee,christopher.lee@outlook.com,required,attended
338,61,Robert Taylor,robert.taylor@outlook.com,required,tentative
339,62,David Kim,david.kim@yahoo.com,organizer,attended
340,62,Maria Garcia,maria.garcia@yahoo.com,required,attended
341,62,Kevin Moore,kevin.moore@gmail.com,required,tentative
342,62,Michael Chen,michael.chen@outlook.com,optional,tentative
343,63,Sarah Johnson,sarah.johnson@gmail.com,organizer,attended
344,63,Maria Garcia,maria.garcia@yahoo.com,required,absent
345,63,Lisa Anderson,lisa.anderson@gmail.com,required,attended
346,63,Jessica Martinez,jessica.martinez@gmail.com,optional,attended
347,63,Christopher Lee,christopher.lee@outlook.com,required,attended
348,63,Emily Rodriguez,emily.rodriguez@gmail.com,required,absent
349,64,Michael Chen,michael.chen@outlook.com,organizer,attended
350,64,Robert Taylor,robert.taylor@outlook.com,required,absent
351,64,Lisa Anderson,lisa.anderson@gmail.com,required,attended
352,64,Kevin Moore,kevin.moore@gmail.com,required,attended
353,65,Jessica Martinez,jessica.martinez@gmail.com,organizer,attended
354,65,David Kim,david.kim@yahoo.com,required,absent
355,65,Daniel Brown,daniel.brown@gmail.com,required,tentative
356,65,James Wilson,james.wilson@hotmail.com,required,attended
357,66,Emily Rodriguez,emily.rodriguez@gmail.com,organizer,attended
358,66,Michael Chen,michael.chen@outlook.com,optional,absent
359,66,Christopher Lee,christopher.lee@outlook.com,required,attended
360,67,Emily Rodriguez,emily.rodriguez@gmail.com,organizer,attended
361,67,David Kim,david.kim@yahoo.com,required,attended
362,67,Christopher Lee,christopher.lee@outlook.com,required,attended
363,67,Maria Garcia,maria.garcia@yahoo.com,required,attended
364,67,Jessica Martinez,jessica.martinez@gmail.com,optional,attended
365,68,Michael Chen,michael.chen@outlook.com,organizer,attended
366,68,Michelle Thompson,michelle.thompson@outlook.com,required,absent
367,68,Jennifer Davis,jennifer.davis@hotmail.com,required,absent
368,68,Sarah Johnson,sarah.johnson@gmail.com,optional,attended
369,68,Amanda White,amanda.white@gmail.com,required,attended
370,68,Kevin Moore,kevin.moore@gmail.com,required,tentative
371,68,Daniel Brown,daniel.brown@gmail.com,required,tentative
372,68,Lisa Anderson,lisa.anderson@gmail.com,optional,attended
373,69,Amanda White,amanda.white@gmail.com,organizer,attended
374,69,Sarah Johnson,sarah.johnson@gmail.com,required,tentative
375,69,Kevin Moore,kevin.moore@gmail.com,optional,attended
376,69,Robert Taylor,robert.taylor@outlook.com,required,attended
377,69,Lisa Anderson,lisa.anderson@gmail.com,required,absent
378,70,Emily Rodriguez,emily.rodriguez@gmail.com,organizer,attended
379,70,Robert Taylor,robert.taylor@outlook.com,required,attended
380,70,Michelle Thompson,michelle.thompson@outlook.com,required,absent
381,70,Daniel Brown,daniel.brown@gmail.com,required,tentative
382,70,Kevin Moore,kevin.moore@gmail.com,required,attended
383,70,Christopher Lee,christopher.lee@outlook.com,required,attended
384,70,Maria Garcia,maria.garcia@yahoo.com,required,attended
385,71,Sarah Johnson,sarah.johnson@gmail.com,organizer,attended
386,71,Emily Rodriguez,emily.rodriguez@gmail.com,required,attended
387,71,James Wilson,james.wilson@hotmail.com,optional,attended
388,71,Daniel Brown,daniel.brown@gmail.com,required,tentative
389,71,Christopher Lee,christopher.lee@outlook.com,required,attended
390,72,Emily Rodriguez,emily.rodriguez@gmail.com,organizer,attended
391,72,Michael Chen,michael.chen@outlook.com,required,attended
392,72,Daniel Brown,daniel.brown@gmail.com,required,attended
393,72,Robert Taylor,robert.taylor@outlook.com,optional,absent
394,73,David Kim,david.kim@yahoo.com,organizer,attended
395,73,Amanda White,amanda.white@gmail.com,required,attended
396,73,James Wilson,james.wilson@hotmail.com,required,tentative
397,73,Maria Garcia,maria.garcia@yahoo.com,required,attended
398,74,Emily Rodriguez,emily.rodriguez@gmail.com,organizer,attended
399,74,Amanda White,amanda.white@gmail.com,optional,absent
400,74,Jessica Martinez,jessica.martinez@gmail.com,required,attended
401,74,Michelle Thompson,michelle.thompson@outlook.com,required,absent
402,74,Christopher Lee,christopher.lee@outlook.com,required,attended
403,74,Sarah Johnson,sarah.johnson@gmail.com,optional,attended
404,74,Michael Chen,michael.chen@outlook.com,required,attended
405,75,Amanda White,amanda.white@gmail.com,organizer,attended
406,75,Lisa Anderson,lisa.anderson@gmail.com,required,tentative
407,75,Maria Garcia,maria.garcia@yahoo.com,required,attended
408,75,James Wilson,james.wilson@hotmail.com,required,absent
409,76,David Kim,david.kim@yahoo.com,organizer,attended
410,76,Robert Taylor,robert.taylor@outlook.com,optional,attended
411,76,Daniel Brown,daniel.brown@gmail.com,required,attended
412,77,James Wilson,james.wilson@hotmail.com,organizer,attended
413,77,Maria Garcia,maria.garcia@yahoo.com,required,attended
414,77,Lisa Anderson,lisa.anderson@gmail.com,required,attended
415,78,David Kim,david.kim@yahoo.com,organizer,attended
416,78,Jessica Martinez,jessica.martinez@gmail.com,optional,tentative
417,78,James Wilson,james.wilson@hotmail.com,required,attended
418,78,Robert Taylor,robert.taylor@outlook.com,required,tentative
419,78,Maria Garcia,maria.garcia@yahoo.com,optional,tentative
420,78,Amanda White,amanda.white@gmail.com,required,attended
421,78,Emily Rodriguez,emily.rodriguez@gmail.com,required,attended
422,79,David Kim,david.kim@yahoo.com,organizer,attended
423,79,Sarah Johnson,sarah.johnson@gmail.com,optional,tentative
424,79,Jessica Martinez,jessica.martinez@gmail.com,required,attended
425,79,Emily Rodriguez,emily.rodriguez@gmail.com,optional,attended
426,79,Jennifer Davis,jennifer.davis@hotmail.com,required,tentative
427,79,James Wilson,james.wilson@hotmail.com,required,tentative
428,79,Amanda White,amanda.white@gmail.com,required,attended
429,79,Kevin Moore,kevin.moore@gmail.com,required,absent
430,80,Michael Chen,michael.chen@outlook.com,organizer,attended
431,80,Daniel Brown,daniel.brown@gmail.com,required,attended
432,80,James Wilson,james.wilson@hotmail.com,optional,attended
433,80,David Kim,david.kim@yahoo.com,required,attended
434,80,Robert Taylor,robert.taylor@outlook.com,optional,attended
435,80,Lisa Anderson,lisa.anderson@gmail.com,required,attended
436,80,Christopher Lee,christopher.lee@outlook.com,required,attended
437,81,Robert Taylor,robert.taylor@outlook.com,organizer,attended
438,81,Kevin Moore,kevin.moore@gmail.com,required,absent
439,81,Christopher Lee,christopher.lee@outlook.com,required,tentative
440,82,Emily Rodriguez,emily.rodriguez@gmail.com,organizer,attended
441,82,David Kim,david.kim@yahoo.com,required,absent
442,82,Kevin Moore,kevin.moore@gmail.com,required,attended
443,82,Sarah Johnson,sarah.johnson@gmail.com,required,attended
444,83,Jessica Martinez,jessica.martinez@gmail.com,organizer,attended
445,83,Robert Taylor,robert.taylor@outlook.com,required,attended
446,83,David Kim,david.kim@yahoo.com,required,tentative
447,83,Michael Chen,michael.chen@outlook.com,required,attended
448,83,James Wilson,james.wilson@hotmail.com,required,tentative
449,84,Amanda White,amanda.white@gmail.com,organizer,attended
450,84,Robert Taylor,robert.taylor@outlook.com,required,attended
451,84,Jessica Martinez,jessica.martinez@gmail.com,required,attended
452,84,Sarah Johnson,sarah.johnson@gmail.com,required,absent
453,84,Michael Chen,michael.chen@outlook.com,required,tentative
454,84,Lisa Anderson,lisa.anderson@gmail.com,required,attended
455,84,David Kim,david.kim@yahoo.com,required,absent
456,85,Emily Rodriguez,emily.rodriguez@gmail.com,organizer,attended
457,85,Christopher Lee,christopher.lee@outlook.com,required,tentative
458,85,Daniel Brown,daniel.brown@gmail.com,required,attended
459,85,David Kim,david.kim@yahoo.com,required,attended
460,85,Michael Chen,michael.chen@outlook.com,required,tentative
461,85,Maria Garcia,maria.garcia@yahoo.com,required,attended
462,86,Robert Taylor,robert.taylor@outlook.com,organizer,attended
463,86,David Kim,david.kim@yahoo.com,required,absent
464,86,Michael Chen,michael.chen@outlook.com,required,attended
465,86,Jennifer Davis,jennifer.davis@hotmail.com,required,attended
466,86,Amanda White,amanda.white@gmail.com,required,attended
467,86,Christopher Lee,christopher.lee@outlook.com,required,attended
468,86,Kevin Moore,kevin.moore@gmail.com,required,attended
469,87,Amanda White,amanda.white@gmail.com,organizer,attended
470,87,Sarah Johnson,sarah.johnson@gmail.com,required,attended
471,87,Michelle Thompson,michelle.thompson@outlook.com,required,tentative
472,87,James Wilson,james.wilson@hotmail.com,required,attended
473,87,Emily Rodriguez,emily.rodriguez@gmail.com,required,attended
474,87,Jessica Martinez,jessica.martinez@gmail.com,required,absent
475,87,Jennifer Davis,jennifer.davis@hotmail.com,required,attended
476,88,Amanda White,amanda.white@gmail.com,organizer,attended
477,88,Christopher Lee,christopher.lee@outlook.com,required,attended
478,88,Michael Chen,michael.chen@outlook.com,required,attended
479,88,David Kim,david.kim@yahoo.com,required,absent
480,88,Michelle Thompson,michelle.thompson@outlook.com,required,attended
481,89,Robert Taylor,robert.taylor@outlook.com,organizer,attended
482,89,Michelle Thompson,michelle.thompson@outlook.com,required,attended
483,89,Lisa Anderson,lisa.anderson@gmail.com,required,attended
484,89,Maria Garcia,maria.garcia@yahoo.com,required,attended
485,89,Jennifer Davis,jennifer.davis@hotmail.com,required,attended
486,89,Amanda White,amanda.white@gmail.com,required,attended
487,90,Amanda White,amanda.white@gmail.com,organizer,attended
488,90,Maria Garcia,maria.garcia@yahoo.com,required,tentative
489,90,Robert Taylor,robert.taylor@outlook.com,required,attended
490,90,Christopher Lee,christopher.lee@outlook.com,required,absent
491,90,Sarah Johnson,sarah.johnson@gmail.com,required,absent
492,90,Michelle Thompson,michelle.thompson@outlook.com,required,attended
493,91,Michael Chen,michael.chen@outlook.com,organizer,attended
494,91,Kevin Moore,kevin.moore@gmail.com,required,absent
495,91,Emily Rodriguez,emily.rodriguez@gmail.com,required,tentative
496,91,Daniel Brown,daniel.brown@gmail.com,required,tentative
497,91,David Kim,david.kim@yahoo.com,required,tentative
498,92,Robert Taylor,robert.taylor@outlook.com,organizer,attended
499,92,Maria Garcia,maria.garcia@yahoo.com,required,attended
500,92,Emily Rodriguez,emily.rodriguez@gmail.com,required,tentative
501,92,Lisa Anderson,lisa.anderson@gmail.com,required,tentative
502,92,David Kim,david.kim@yahoo.com,required,attended
503,92,Amanda White,amanda.white@gmail.com,required,attended
504,92,Jessica Martinez,jessica.martinez@gmail.com,required,attended
505,93,David Kim,david.kim@yahoo.com,organizer,attended
506,93,Lisa Anderson,lisa.anderson@gmail.com,required,attended
507,93,Jessica Martinez,jessica.martinez@gmail.com,required,attended
508,93,Michelle Thompson,michelle.thompson@outlook.com,required,attended
509,93,Sarah Johnson,sarah.johnson@gmail.com,required,attended
510,93,Christopher Lee,christopher.lee@outlook.com,optional,absent
511,94,Sarah Johnson,sarah.johnson@gmail.com,organizer,attended
512,94,Kevin Moore,kevin.moore@gmail.com,required,absent
513,94,Lisa Anderson,lisa.anderson@gmail.com,optional,attended
514,94,Jessica Martinez,jessica.martinez@gmail.com,required,absent
515,94,James Wilson,james.wilson@hotmail.com,required,tentative
516,95,Sarah Johnson,sarah.johnson@gmail.com,organizer,attended
517,95,Emily Rodriguez,emily.rodriguez@gmail.com,required,absent
518,95,James Wilson,james.wilson@hotmail.com,required,attended
519,95,Michael Chen,michael.chen@outlook.com,required,tentative
520,95,Kevin Moore,kevin.moore@gmail.com,required,tentative
521,95,Jessica Martinez,jessica.martinez@gmail.com,required,absent
522,95,Daniel Brown,daniel.brown@gmail.com,required,tentative
523,95,Robert Taylor,robert.taylor@outlook.com,optional,tentative
524,96,Michael Chen,michael.chen@outlook.com,organizer,attended
525,96,Michelle Thompson,michelle.thompson@outlook.com,optional,absent
526,96,Lisa Anderson,lisa.anderson@gmail.com,required,tentative
527,97,Emily Rodriguez,emily.rodriguez@gmail.com,organizer,attended
528,97,James Wilson,james.wilson@hotmail.com,optional,absent
529,97,Jessica Martinez,jessica.martinez@gmail.com,required,attended
530,97,David Kim,david.kim@yahoo.com,required,tentative
531,97,Sarah Johnson,sarah.johnson@gmail.com,required,attended
532,97,Michael Chen,michael.chen@outlook.com,required,absent
533,98,Amanda White,amanda.white@gmail.com,organizer,attended
534,98,Emily Rodriguez,emily.rodriguez@gmail.com,required,attended
535,98,Daniel Brown,daniel.brown@gmail.com,required,absent
536,98,Michelle Thompson,michelle.thompson@outlook.com,required,absent
537,98,Sarah Johnson,sarah.johnson@gmail.com,optional,attended
538,98,Christopher Lee,christopher.lee@outlook.com,required,tentative
539,98,David Kim,david.kim@yahoo.com,required,attended
540,98,Jennifer Davis,jennifer.davis@hotmail.com,optional,absent
541,99,Michael Chen,michael.chen@outlook.com,organizer,attended
542,99,Maria Garcia,maria.garcia@yahoo.com,optional,attended
543,99,Robert Taylor,robert.taylor@outlook.com,required,attended
544,99,Daniel Brown,daniel.brown@gmail.com,required,attended
545,99,Sarah Johnson,sarah.johnson@gmail.com,required,tentative
546,100,Sarah Johnson,sarah.johnson@gmail.com,organizer,attended
547,100,Emily Rodriguez,emily.rodriguez@gmail.com,required,attended
548,100,Jessica Martinez,jessica.martinez@gmail.com,required,attended
549,100,James Wilson,james.wilson@hotmail.com,required,absent
550,100,Christopher Lee,christopher.lee@outlook.com,optional,attended
